"","line","section_name","section_artist","song_name","artist_name"
"1","These bitches want Nikes","Verse 1","Frank Ocean","Nikes","Frank Ocean"
"2","They looking for a check","Verse 1","Frank Ocean","Nikes","Frank Ocean"
"3","Tell 'em it ain't likely","Verse 1","Frank Ocean","Nikes","Frank Ocean"
"4","Said she need a ring like Carmelo","Verse 1","Frank Ocean","Nikes","Frank Ocean"
"5","You must be on that white like Othello","Verse 1","Frank Ocean","Nikes","Frank Ocean"
"6","All you want is Nikes","Verse 1","Frank Ocean","Nikes","Frank Ocean"
"7","But the real ones just like you, just like me","Verse 1","Frank Ocean","Nikes","Frank Ocean"
"8","I don't play, I don't make time","Verse 1","Frank Ocean","Nikes","Frank Ocean"
"9","But if you need dick I got you","Verse 1","Frank Ocean","Nikes","Frank Ocean"
"10","And I yam from the line","Verse 1","Frank Ocean","Nikes","Frank Ocean"
"11","Pour up for A$AP, R.I.P. Pimp C","Verse 1","Frank Ocean","Nikes","Frank Ocean"
"12","R.I.P. Trayvon, that nigga look just like me","Verse 1","Frank Ocean","Nikes","Frank Ocean"
"13","Woo, fuckin' buzzin', woo!","Verse 1","Frank Ocean","Nikes","Frank Ocean"
"14","That my little cousin, he got a little trade","Verse 1","Frank Ocean","Nikes","Frank Ocean"
"15","His girl keep the scales, a little mermaid","Verse 1","Frank Ocean","Nikes","Frank Ocean"
"16","We out by the pool, some little mermaids","Verse 1","Frank Ocean","Nikes","Frank Ocean"
"17","Me and them gel","Verse 1","Frank Ocean","Nikes","Frank Ocean"
"18","Like twigs with them bangs","Verse 1","Frank Ocean","Nikes","Frank Ocean"
"19","Now that's a real mermaid","Verse 1","Frank Ocean","Nikes","Frank Ocean"
"20","You been holding your breath, weighted down","Verse 1","Frank Ocean","Nikes","Frank Ocean"
"21","Punk madre, punk papa","Verse 1","Frank Ocean","Nikes","Frank Ocean"
"22","He don't care for me, but he cares for me","Verse 1","Frank Ocean","Nikes","Frank Ocean"
"23","And that's good enough","Verse 1","Frank Ocean","Nikes","Frank Ocean"
"24","We don't talk much or nothin'","Verse 1","Frank Ocean","Nikes","Frank Ocean"
"25","But when we talkin' about something","Verse 1","Frank Ocean","Nikes","Frank Ocean"
"26","We have good discussion","Verse 1","Frank Ocean","Nikes","Frank Ocean"
"27","I met his friends last week","Verse 1","Frank Ocean","Nikes","Frank Ocean"
"28","Feels like they're up to somethin'","Verse 1","Frank Ocean","Nikes","Frank Ocean"
"29","That's good for us","Verse 1","Frank Ocean","Nikes","Frank Ocean"
"30","We'll let you guys prophesy","Verse 2","Frank Ocean","Nikes","Frank Ocean"
"31","We'll let you guys prophesy","Verse 2","Frank Ocean","Nikes","Frank Ocean"
"32","We gon' see the future first","Verse 2","Frank Ocean","Nikes","Frank Ocean"
"33","We'll let you guys prophesy","Verse 2","Frank Ocean","Nikes","Frank Ocean"
"34","We gon' see the future first","Verse 2","Frank Ocean","Nikes","Frank Ocean"
"35","Living so the last night feels like a past life","Verse 2","Frank Ocean","Nikes","Frank Ocean"
"36","Speaking of the, don't know what got into people","Verse 2","Frank Ocean","Nikes","Frank Ocean"
"37","Devil be possessin' homies","Verse 2","Frank Ocean","Nikes","Frank Ocean"
"38","Demons try to body jump","Verse 2","Frank Ocean","Nikes","Frank Ocean"
"39","Why you think I'm in this bitch wearing a fucking Yarmulke?","Verse 2","Frank Ocean","Nikes","Frank Ocean"
"40","Acid on me like the rain","Verse 2","Frank Ocean","Nikes","Frank Ocean"
"41","Weed crumbles into glitter","Verse 2","Frank Ocean","Nikes","Frank Ocean"
"42","Rain, glitter","Verse 2","Frank Ocean","Nikes","Frank Ocean"
"43","We laid out on this wet floor","Verse 2","Frank Ocean","Nikes","Frank Ocean"
"44","Away turf, no Astro","Verse 2","Frank Ocean","Nikes","Frank Ocean"
"45","Mesmerized how the strobes glow","Verse 2","Frank Ocean","Nikes","Frank Ocean"
"46","Look at all the people feet dance","Verse 2","Frank Ocean","Nikes","Frank Ocean"
"47","I know that your nigga came with you","Verse 2","Frank Ocean","Nikes","Frank Ocean"
"48","But he ain't with you","Verse 2","Frank Ocean","Nikes","Frank Ocean"
"49","We only human and it's humid in these Balmains","Verse 2","Frank Ocean","Nikes","Frank Ocean"
"50","I mean my balls sticking to my jeans","Verse 2","Frank Ocean","Nikes","Frank Ocean"
"51","We breathin' pheromones, Amber Rose","Verse 2","Frank Ocean","Nikes","Frank Ocean"
"52","Sippin' pink-gold lemonades","Verse 2","Frank Ocean","Nikes","Frank Ocean"
"53","Feelin'","Verse 2","Frank Ocean","Nikes","Frank Ocean"
"54","I may be younger but I'll look after you","Bridge","Frank Ocean","Nikes","Frank Ocean"
"55","We're not in love but I'll make love to you","Bridge","Frank Ocean","Nikes","Frank Ocean"
"56","When you're not here I'll save some for you","Bridge","Frank Ocean","Nikes","Frank Ocean"
"57","I'm not him but I'll mean something to you","Bridge","Frank Ocean","Nikes","Frank Ocean"
"58","I'll mean something to you","Bridge","Frank Ocean","Nikes","Frank Ocean"
"59","I'll mean something to you","Bridge","Frank Ocean","Nikes","Frank Ocean"
"60","You got a roommate, he'll hear what we do","Bridge","Frank Ocean","Nikes","Frank Ocean"
"61","It's only awkward if you're fucking him too","Bridge","Frank Ocean","Nikes","Frank Ocean"
"62","I thought that I was dreamin' when you said you love me","Chorus","Frank Ocean","Ivy","Frank Ocean"
"63","The start of nothin', I had no chance to prepare","Chorus","Frank Ocean","Ivy","Frank Ocean"
"64","I couldn't see you comin'","Chorus","Frank Ocean","Ivy","Frank Ocean"
"65","The start of nothin', ooh, I could hate you now","Chorus","Frank Ocean","Ivy","Frank Ocean"
"66","It's quite alright to hate me now","Chorus","Frank Ocean","Ivy","Frank Ocean"
"67","When we both know that deep down","Chorus","Frank Ocean","Ivy","Frank Ocean"
"68","The feeling still deep down is good","Chorus","Frank Ocean","Ivy","Frank Ocean"
"69","If I could see through walls, I could see you're faking","Verse 1","Frank Ocean","Ivy","Frank Ocean"
"70","If you could see my thoughts, you would see our faces","Verse 1","Frank Ocean","Ivy","Frank Ocean"
"71","Safe in my rental like an armored truck back then","Verse 1","Frank Ocean","Ivy","Frank Ocean"
"72","We didn't give a fuck back then","Verse 1","Frank Ocean","Ivy","Frank Ocean"
"73","I ain't a kid no more, we'll never be those kids again","Verse 1","Frank Ocean","Ivy","Frank Ocean"
"74","We'd drive to Syd's, had the X6 back then, back then","Verse 1","Frank Ocean","Ivy","Frank Ocean"
"75","No matter what I did, my waves wouldn't dip back then","Verse 1","Frank Ocean","Ivy","Frank Ocean"
"76","Everything sucked back then, we were friends","Verse 1","Frank Ocean","Ivy","Frank Ocean"
"77","I thought that I was dreamin' when you said you love me","Chorus","Frank Ocean","Ivy","Frank Ocean"
"78","The start of nothin', I had no chance to prepare","Chorus","Frank Ocean","Ivy","Frank Ocean"
"79","I couldn't see you comin'","Chorus","Frank Ocean","Ivy","Frank Ocean"
"80","The start of nothin', ooh, I could hate you now","Chorus","Frank Ocean","Ivy","Frank Ocean"
"81","It's quite alright to hate me now","Chorus","Frank Ocean","Ivy","Frank Ocean"
"82","But we both know that deep down","Chorus","Frank Ocean","Ivy","Frank Ocean"
"83","The feeling still deep down is good","Chorus","Frank Ocean","Ivy","Frank Ocean"
"84","In the halls of your hotel","Verse 2","Frank Ocean","Ivy","Frank Ocean"
"85","Arm around my shoulder so I could tell","Verse 2","Frank Ocean","Ivy","Frank Ocean"
"86","How much I meant to you, meant it sincere back then","Verse 2","Frank Ocean","Ivy","Frank Ocean"
"87","We had time to kill back then","Verse 2","Frank Ocean","Ivy","Frank Ocean"
"88","You ain't a kid no more, we'll never be those kids again","Verse 2","Frank Ocean","Ivy","Frank Ocean"
"89","It's not the same, ivory's illegal, don't you remember?","Verse 2","Frank Ocean","Ivy","Frank Ocean"
"90","I broke your heart last week","Bridge","Frank Ocean","Ivy","Frank Ocean"
"91","You'll probably feel better by the weekend","Bridge","Frank Ocean","Ivy","Frank Ocean"
"92","Still remember, had you going crazy","Bridge","Frank Ocean","Ivy","Frank Ocean"
"93","Screamin' my name, the feeling deep down is good","Bridge","Frank Ocean","Ivy","Frank Ocean"
"94","I thought that I was dreamin' when you said you love me","Chorus","Frank Ocean","Ivy","Frank Ocean"
"95","The start of nothin', had no chance to prepare","Chorus","Frank Ocean","Ivy","Frank Ocean"
"96","Couldn't see you comin'","Chorus","Frank Ocean","Ivy","Frank Ocean"
"97","And we started from nothin', ooh, I could hate you now","Chorus","Frank Ocean","Ivy","Frank Ocean"
"98","It's alright to hate me now","Chorus","Frank Ocean","Ivy","Frank Ocean"
"99","We both know that deep down","Chorus","Frank Ocean","Ivy","Frank Ocean"
"100","The feeling still deep down is good","Chorus","Frank Ocean","Ivy","Frank Ocean"
"101","All the things I didn't mean to say, I didn't mean to do","Outro","Frank Ocean","Ivy","Frank Ocean"
"102","There were things you didn't need to say","Outro","Frank Ocean","Ivy","Frank Ocean"
"103","Did you mean to? Mean to","Outro","Frank Ocean","Ivy","Frank Ocean"
"104","I've been dreamin' of you, dreamin' of you","Outro","Frank Ocean","Ivy","Frank Ocean"
"105","I've been dreamin' of you, dreamin' of you","Outro","Frank Ocean","Ivy","Frank Ocean"
"106","I've been dreamin', dreaming","Outro","Frank Ocean","Ivy","Frank Ocean"
"107","Many college students have gone to college","Skit","Rosie Watson","Be Yourself","Frank Ocean"
"108","And gotten hooked on drugs, marijuana, and alcohol","Skit","Rosie Watson","Be Yourself","Frank Ocean"
"109","Listen, stop trying to be somebody else","Skit","Rosie Watson","Be Yourself","Frank Ocean"
"110","Don't try to be someone else","Skit","Rosie Watson","Be Yourself","Frank Ocean"
"111","Be yourself and know that that's good enough","Skit","Rosie Watson","Be Yourself","Frank Ocean"
"112","Don't try to be someone else","Skit","Rosie Watson","Be Yourself","Frank Ocean"
"113","Don't try to be like someone else","Skit","Rosie Watson","Be Yourself","Frank Ocean"
"114","Don't try to act like someone else","Skit","Rosie Watson","Be Yourself","Frank Ocean"
"115","Be yourself, be secure with yourself","Skit","Rosie Watson","Be Yourself","Frank Ocean"
"116","Rely and trust upon your own decisions","Skit","Rosie Watson","Be Yourself","Frank Ocean"
"117","On your own beliefs","Skit","Rosie Watson","Be Yourself","Frank Ocean"
"118","You understand the things that I've taught you","Skit","Rosie Watson","Be Yourself","Frank Ocean"
"119","Not to drink alcohol, not to use drugs","Skit","Rosie Watson","Be Yourself","Frank Ocean"
"120","Don't use that cocaine or marijuana","Skit","Rosie Watson","Be Yourself","Frank Ocean"
"121","Because that stuff is highly addictive","Skit","Rosie Watson","Be Yourself","Frank Ocean"
"122","When people become weed-heads","Skit","Rosie Watson","Be Yourself","Frank Ocean"
"123","They become sluggish, lazy, stupid and unconcerned","Skit","Rosie Watson","Be Yourself","Frank Ocean"
"124","Sluggish, lazy, stupid and unconcerned","Skit","Rosie Watson","Be Yourself","Frank Ocean"
"125","That's all marijuana does to you, okay? This is mom","Skit","Rosie Watson","Be Yourself","Frank Ocean"
"126","Unless you're taking it under doctor's, um, control","Skit","Rosie Watson","Be Yourself","Frank Ocean"
"127","Then it's regulated","Skit","Rosie Watson","Be Yourself","Frank Ocean"
"128","Do not smoke marijuana, do not consume alcohol","Skit","Rosie Watson","Be Yourself","Frank Ocean"
"129","Do not get in the car with someone who is inebriated","Skit","Rosie Watson","Be Yourself","Frank Ocean"
"130","This is mom, call me, bye","Skit","Rosie Watson","Be Yourself","Frank Ocean"
"131","Hand me a towel, I'm dirty dancing by myself","Verse 1","Frank Ocean","Solo","Frank Ocean"
"132","Gone off tabs of that acid","Verse 1","Frank Ocean","Solo","Frank Ocean"
"133","Form me a circle, watch my Jagger","Verse 1","Frank Ocean","Solo","Frank Ocean"
"134","Might lose my jacket and hit a solo, one time","Verse 1","Frank Ocean","Solo","Frank Ocean"
"135","We too loud in public, them police turned down the function","Verse 1","Frank Ocean","Solo","Frank Ocean"
"136","Now we outside and the timing's perfect","Verse 1","Frank Ocean","Solo","Frank Ocean"
"137","Forgot to tell you, gotta tell you how much I vibe with you","Verse 1","Frank Ocean","Solo","Frank Ocean"
"138","And we don't gotta be solo","Verse 1","Frank Ocean","Solo","Frank Ocean"
"139","Now stay away from highways","Verse 1","Frank Ocean","Solo","Frank Ocean"
"140","My eyes like them red lights","Verse 1","Frank Ocean","Solo","Frank Ocean"
"141","Right now I prefer yellow","Verse 1","Frank Ocean","Solo","Frank Ocean"
"142","Redbone, so mellow","Verse 1","Frank Ocean","Solo","Frank Ocean"
"143","Fuck 'round, be cutting you","Verse 1","Frank Ocean","Solo","Frank Ocean"
"144","Think we were better off solo","Verse 1","Frank Ocean","Solo","Frank Ocean"
"145","I got that act right in the Windy City that night","Verse 1","Frank Ocean","Solo","Frank Ocean"
"146","No trees to blow through but blow me and I owe you","Verse 1","Frank Ocean","Solo","Frank Ocean"
"147","Two grams when the sun rise","Verse 1","Frank Ocean","Solo","Frank Ocean"
"148","Smoking good, rolling solo","Verse 1","Frank Ocean","Solo","Frank Ocean"
"149","Solo (solo), solo (solo)","Verse 1","Frank Ocean","Solo","Frank Ocean"
"150","S-solo (solo), s-solo, (solo)","Verse 1","Frank Ocean","Solo","Frank Ocean"
"151","It's hell on Earth and the city's on fire","Chorus","Frank Ocean","Solo","Frank Ocean"
"152","Inhale, in hell there's heaven","Chorus","Frank Ocean","Solo","Frank Ocean"
"153","There's a bull and a matador dueling in the sky","Chorus","Frank Ocean","Solo","Frank Ocean"
"154","Inhale, in hell there's heaven","Chorus","Frank Ocean","Solo","Frank Ocean"
"155","Oh, oh, oh, oh","Chorus","Frank Ocean","Solo","Frank Ocean"
"156","Oh, oh, oh, oh","Chorus","Frank Ocean","Solo","Frank Ocean"
"157","Solo, solo, solo, solo","Chorus","Frank Ocean","Solo","Frank Ocean"
"158","I'm skipping showers and switching socks, sleeping good and long","Verse 2","Frank Ocean","Solo","Frank Ocean"
"159","Bones feeling dense as fuck, wish a nigga would cross","Verse 2","Frank Ocean","Solo","Frank Ocean"
"160","And catch a solo, on time","Verse 2","Frank Ocean","Solo","Frank Ocean"
"161","White leaf on my boxers, green leaf turn to vapors for the low","Verse 2","Frank Ocean","Solo","Frank Ocean"
"162","And that mean cheap, 'cause ain't shit free and I know it","Verse 2","Frank Ocean","Solo","Frank Ocean"
"163","Even love ain't, 'cause this nut cost, that clinic killed my soul","Verse 2","Frank Ocean","Solo","Frank Ocean"
"164","But you gotta hit the pussy raw though","Verse 2","Frank Ocean","Solo","Frank Ocean"
"165","Now your baby momma ain't so vicious","Verse 2","Frank Ocean","Solo","Frank Ocean"
"166","All she want is her picket fence","Verse 2","Frank Ocean","Solo","Frank Ocean"
"167","And you protest and you picket sign","Verse 2","Frank Ocean","Solo","Frank Ocean"
"168","But them courts won't side with you","Verse 2","Frank Ocean","Solo","Frank Ocean"
"169","Won't let you fly solo","Verse 2","Frank Ocean","Solo","Frank Ocean"
"170","I wanted that act right in Colorado that night","Verse 2","Frank Ocean","Solo","Frank Ocean"
"171","I brought trees to blow through, but it's just me and no you","Verse 2","Frank Ocean","Solo","Frank Ocean"
"172","Stayed up 'til my phone died, smoking big, rolling solo","Verse 2","Frank Ocean","Solo","Frank Ocean"
"173","It's hell on Earth and the city's on fire","Chorus","Frank Ocean","Solo","Frank Ocean"
"174","Inhale, in hell there's heaven","Chorus","Frank Ocean","Solo","Frank Ocean"
"175","There's a bull and a matador dueling in the sky","Chorus","Frank Ocean","Solo","Frank Ocean"
"176","Inhale, in hell there's heaven","Chorus","Frank Ocean","Solo","Frank Ocean"
"177","Oh, oh, oh, oh","Chorus","Frank Ocean","Solo","Frank Ocean"
"178","Oh, oh, oh, oh","Chorus","Frank Ocean","Solo","Frank Ocean"
"179","Solo, solo, solo, solo","Chorus","Frank Ocean","Solo","Frank Ocean"
"180","By myself","Outro","Frank Ocean","Solo","Frank Ocean"
"181","Solo, solo, solo, solo","Outro","Frank Ocean","Solo","Frank Ocean"
"182","(By myself, by myself)","Outro","Frank Ocean","Solo","Frank Ocean"
"183","(Solo)","Outro","Frank Ocean","Solo","Frank Ocean"
"184","This is joy, this is summer","Verse 1","Frank Ocean","Skyline To","Frank Ocean"
"185","Keep alive, stay alive","Verse 1","Frank Ocean","Skyline To","Frank Ocean"
"186","Got your metal on, we're alone","Verse 1","Frank Ocean","Skyline To","Frank Ocean"
"187","Making sweet love, takin' time","Verse 1","Frank Ocean","Skyline To","Frank Ocean"
"188","'Til God strikes us","Verse 1","Frank Ocean","Skyline To","Frank Ocean"
"189","That's a pretty fucking fast year flew by","Verse 1","Frank Ocean","Skyline To","Frank Ocean"
"190","That's a pretty long third gear in this car","Verse 1","Frank Ocean","Skyline To","Frank Ocean"
"191","Glidin' on the five","Verse 1","Frank Ocean","Skyline To","Frank Ocean"
"192","The deer run across, kill the headlights","Verse 1","Frank Ocean","Skyline To","Frank Ocean"
"193","Pretty fucking, underneath moonlight now","Verse 1","Frank Ocean","Skyline To","Frank Ocean"
"194","Pretty fucking, sunrise in sight","Verse 1","Frank Ocean","Skyline To","Frank Ocean"
"195","In comes the morning, haunting us with the beams","Verse 1","Frank Ocean","Skyline To","Frank Ocean"
"196","Solstice ain't as far as it used to be","Verse 1","Frank Ocean","Skyline To","Frank Ocean"
"197","It begins to blur, we get older (Blur!)","Verse 1","Frank Ocean","Skyline To","Frank Ocean"
"198","Summer's not as long as it used to be","Verse 1","Frank Ocean","Skyline To","Frank Ocean"
"199","Everyday counts like crazy (Smoke, haze)","Verse 1","Frank Ocean","Skyline To","Frank Ocean"
"200","Wanna get soaked?","Verse 1","Frank Ocean","Skyline To","Frank Ocean"
"201","Wanna film a tape on the speed boat?","Verse 1","Frank Ocean","Skyline To","Frank Ocean"
"202","We smell of Californication","Verse 1","Frank Ocean","Skyline To","Frank Ocean"
"203","Strike a pose","Verse 1","Frank Ocean","Skyline To","Frank Ocean"
"204","Everything grows in the Congo","Verse 1","Frank Ocean","Skyline To","Frank Ocean"
"205","Everything grows","Verse 1","Frank Ocean","Skyline To","Frank Ocean"
"206","Can you come when I call again?","Verse 1","Frank Ocean","Skyline To","Frank Ocean"
"207","On comes the evening, gold seeking ends","Verse 2","Frank Ocean","Skyline To","Frank Ocean"
"208","Piece in my hands worth twice than a friend","Verse 2","Frank Ocean","Skyline To","Frank Ocean"
"209","And two limbs over shoulder, carried away","Verse 2","Frank Ocean","Skyline To","Frank Ocean"
"210","Because I'm stronger and the Congo is dim (smoke)","Verse 2","Frank Ocean","Skyline To","Frank Ocean"
"211","In comes the morning (smoke)","Verse 2","Frank Ocean","Skyline To","Frank Ocean"
"212","In comes the morning (haze)","Verse 2","Frank Ocean","Skyline To","Frank Ocean"
"213","Poolside convo about your summer last night, ooh yeah","Intro","Frank Ocean","Self Control","Frank Ocean"
"214","About your summer last night","Intro","Frank Ocean","Self Control","Frank Ocean"
"215","Ain't give you no play, mm","Intro","Frank Ocean","Self Control","Frank Ocean"
"216","Could I make you shive last night?","Intro","Frank Ocean","Self Control","Frank Ocean"
"217","Could I make you shy on the last night, last night?","Intro","Frank Ocean","Self Control","Frank Ocean"
"218","Could we make it in? Do we have time?","Intro","Frank Ocean","Self Control","Frank Ocean"
"219","I'll be the boyfriend in your wet dreams tonight","Verse 1","Frank Ocean","Self Control","Frank Ocean"
"220","Noses on a rail, little virgin wears the white","Verse 1","Frank Ocean","Self Control","Frank Ocean"
"221","You cut your hair but you used to live a blonded life","Verse 1","Frank Ocean","Self Control","Frank Ocean"
"222","Wish I was there, wish we'd grown up on the same advice","Verse 1","Frank Ocean","Self Control","Frank Ocean"
"223","And our time was right","Verse 1","Frank Ocean","Self Control","Frank Ocean"
"224","Keep a place for me, for me","Chorus","Austin Feinstein","Self Control","Frank Ocean"
"225","I'll sleep between y'all, it's nothing","Chorus","Austin Feinstein","Self Control","Frank Ocean"
"226","It's nothing, it's nothing","Chorus","Austin Feinstein","Self Control","Frank Ocean"
"227","Keep a place for me, for me","Chorus","Austin Feinstein","Self Control","Frank Ocean"
"228","Now and then you miss it, sounds make you cry","Verse 2","Frank Ocean","Self Control","Frank Ocean"
"229","Some nights you dance with tears in your eyes","Verse 2","Frank Ocean","Self Control","Frank Ocean"
"230","I came to visit, 'cause you see me like a UFO","Verse 2","Frank Ocean","Self Control","Frank Ocean"
"231","That's like never, 'cause I made you use your self-control","Verse 2","Frank Ocean","Self Control","Frank Ocean"
"232","And you made me lose my self-control, my self-control","Verse 2","Frank Ocean","Self Control","Frank Ocean"
"233","Keep a place for me, for me","Chorus","Austin Feinstein & Yung Lean","Self Control","Frank Ocean"
"234","I'll sleep between y'all, it's nothing","Chorus","Austin Feinstein & Yung Lean","Self Control","Frank Ocean"
"235","Keep a place for me","Chorus","Austin Feinstein & Yung Lean","Self Control","Frank Ocean"
"236","It's no thing, it's nothing","Chorus","Austin Feinstein & Yung Lean","Self Control","Frank Ocean"
"237","It's no thing, it's nothing","Chorus","Austin Feinstein & Yung Lean","Self Control","Frank Ocean"
"238","Sometimes you'll miss it","Bridge","Frank Ocean","Self Control","Frank Ocean"
"239","And the sound will make you cry","Bridge","Frank Ocean","Self Control","Frank Ocean"
"240","And some nights you're dancing","Bridge","Frank Ocean","Self Control","Frank Ocean"
"241","With tears in your eyes","Bridge","Frank Ocean","Self Control","Frank Ocean"
"242","I, I, I know you gotta leave, leave, leave","Outro","Frank Ocean","Self Control","Frank Ocean"
"243","Take down some summer time","Outro","Frank Ocean","Self Control","Frank Ocean"
"244","Give up, just tonight, night, night","Outro","Frank Ocean","Self Control","Frank Ocean"
"245","I, I, I know you got someone comin'","Outro","Frank Ocean","Self Control","Frank Ocean"
"246","You're spittin' game, know you got it","Outro","Frank Ocean","Self Control","Frank Ocean"
"247","I, I, I know you gotta leave, leave, leave","Outro","Frank Ocean","Self Control","Frank Ocean"
"248","Take down some summer time","Outro","Frank Ocean","Self Control","Frank Ocean"
"249","Give up, just tonight, night, night","Outro","Frank Ocean","Self Control","Frank Ocean"
"250","I, I, I know you got someone comin'","Outro","Frank Ocean","Self Control","Frank Ocean"
"251","You're spittin' game, know you got it","Outro","Frank Ocean","Self Control","Frank Ocean"
"252","(Nobody else, nobody else)","Outro","Frank Ocean","Self Control","Frank Ocean"
"253","I, I, I know you gotta leave, leave, leave","Outro","Frank Ocean","Self Control","Frank Ocean"
"254","Take down some summer time","Outro","Frank Ocean","Self Control","Frank Ocean"
"255","Give up, just tonight, night, night","Outro","Frank Ocean","Self Control","Frank Ocean"
"256","I, I, I know you got someone comin'","Outro","Frank Ocean","Self Control","Frank Ocean"
"257","You're spittin' game, know you got it","Outro","Frank Ocean","Self Control","Frank Ocean"
"258","Here's to the good guy, he hooked it up","Verse","Frank Ocean","Good Guy","Frank Ocean"
"259","Said if I was in NY I should look you up","Verse","Frank Ocean","Good Guy","Frank Ocean"
"260","First time I'd ever saw you","Verse","Frank Ocean","Good Guy","Frank Ocean"
"261","And you text nothing like you look","Verse","Frank Ocean","Good Guy","Frank Ocean"
"262","Here's to the gay bar you took me to","Verse","Frank Ocean","Good Guy","Frank Ocean"
"263","Here's when I realized you talk so much more than I do","Verse","Frank Ocean","Good Guy","Frank Ocean"
"264","Here's to the highlights when I was convinced","Verse","Frank Ocean","Good Guy","Frank Ocean"
"265","That this was much more than just some night shit","Verse","Frank Ocean","Good Guy","Frank Ocean"
"266","I know you don't need me right now","Verse","Frank Ocean","Good Guy","Frank Ocean"
"267","And to you it's just a late night out","Verse","Frank Ocean","Good Guy","Frank Ocean"
"268","This nigga—all the bitches in the neighborhood wanna fuck you, nigga","Outro","Frank Ocean","Good Guy","Frank Ocean"
"269","He told me","Outro","Frank Ocean","Good Guy","Frank Ocean"
"270","I used to fuck with all of 'em","Outro","Frank Ocean","Good Guy","Frank Ocean"
"271","Yeah—I ain't got bitches no more","Outro","Frank Ocean","Good Guy","Frank Ocean"
"272","But now I don't care about bitches like that, my nigga, that shit... Jasmine fucking wrecked my heart","Outro","Frank Ocean","Good Guy","Frank Ocean"
"273","I don't even know how I feel about bi—","Outro","Frank Ocean","Good Guy","Frank Ocean"
"274","Round your city, round the clock","Verse 1","Frank Ocean","Nights","Frank Ocean"
"275","Everybody needs you","Verse 1","Frank Ocean","Nights","Frank Ocean"
"276","No, you can't make everybody equal","Verse 1","Frank Ocean","Nights","Frank Ocean"
"277","Although you got beaucoup family","Verse 1","Frank Ocean","Nights","Frank Ocean"
"278","You don't even got nobody bein' honest with you","Verse 1","Frank Ocean","Nights","Frank Ocean"
"279","Breathe 'til I evaporated","Verse 1","Frank Ocean","Nights","Frank Ocean"
"280","My whole body see through","Verse 1","Frank Ocean","Nights","Frank Ocean"
"281","Transportation, handmade (G)","Verse 1","Frank Ocean","Nights","Frank Ocean"
"282","And I know it better than most people","Verse 1","Frank Ocean","Nights","Frank Ocean"
"283","I don't trust 'em anyways","Verse 1","Frank Ocean","Nights","Frank Ocean"
"284","You can't break the law with them","Verse 1","Frank Ocean","Nights","Frank Ocean"
"285","Get some gushy, have a calm night","Verse 1","Frank Ocean","Nights","Frank Ocean"
"286","Shooters killin' left and right","Verse 1","Frank Ocean","Nights","Frank Ocean"
"287","Workin' through your worst night","Verse 1","Frank Ocean","Nights","Frank Ocean"
"288","If I get my money right","Verse 1","Frank Ocean","Nights","Frank Ocean"
"289","You know I won't need you","Verse 1","Frank Ocean","Nights","Frank Ocean"
"290","And I tell you, (bitch)","Verse 1","Frank Ocean","Nights","Frank Ocean"
"291","I hope the sack is full up","Verse 1","Frank Ocean","Nights","Frank Ocean"
"292","I'm fuckin', no, I'm fucked up","Verse 1","Frank Ocean","Nights","Frank Ocean"
"293","Spend it when I get that","Verse 1","Frank Ocean","Nights","Frank Ocean"
"294","I ain't tryna keep you","Verse 1","Frank Ocean","Nights","Frank Ocean"
"295","Can't keep up a conversation","Verse 1","Frank Ocean","Nights","Frank Ocean"
"296","Can't nobody reach you","Verse 1","Frank Ocean","Nights","Frank Ocean"
"297","Why your eyes well up?","Verse 1","Frank Ocean","Nights","Frank Ocean"
"298","Did you call me from a séance?","Verse 1","Frank Ocean","Nights","Frank Ocean"
"299","You are from my past life","Verse 1","Frank Ocean","Nights","Frank Ocean"
"300","Hope you're doin' well, bruh","Verse 1","Frank Ocean","Nights","Frank Ocean"
"301","I been out here head first","Verse 1","Frank Ocean","Nights","Frank Ocean"
"302","Always like the head first","Verse 1","Frank Ocean","Nights","Frank Ocean"
"303","Signal comin' in and out","Verse 1","Frank Ocean","Nights","Frank Ocean"
"304","Hope you're doin' well, bruh","Verse 1","Frank Ocean","Nights","Frank Ocean"
"305","Everybody needs you, everybody needs you","Verse 1","Frank Ocean","Nights","Frank Ocean"
"306","Oooh, nani nani","Verse 1","Frank Ocean","Nights","Frank Ocean"
"307","This feel like a quaalude","Verse 1","Frank Ocean","Nights","Frank Ocean"
"308","No sleep in my body","Verse 1","Frank Ocean","Nights","Frank Ocean"
"309","Ain't no bitch in my body","Verse 1","Frank Ocean","Nights","Frank Ocean"
"310","New beginnin's, ahh","Pre-Chorus","Frank Ocean","Nights","Frank Ocean"
"311","New beginnin's, wake up akh","Pre-Chorus","Frank Ocean","Nights","Frank Ocean"
"312","The sun's goin' down","Pre-Chorus","Frank Ocean","Nights","Frank Ocean"
"313","Time to start your day, bruh","Pre-Chorus","Frank Ocean","Nights","Frank Ocean"
"314","Can't keep bein' laid off","Pre-Chorus","Frank Ocean","Nights","Frank Ocean"
"315","Know you need the money if you gon' survive","Pre-Chorus","Frank Ocean","Nights","Frank Ocean"
"316","The every night shit, every day shit","Pre-Chorus","Frank Ocean","Nights","Frank Ocean"
"317","Droppin' baby off at home before my night shift","Chorus","Frank Ocean","Nights","Frank Ocean"
"318","You know I can't hear none of that spend the night shit","Chorus","Frank Ocean","Nights","Frank Ocean"
"319","That kumbaya shit","Chorus","Frank Ocean","Nights","Frank Ocean"
"320","Wanna see nirvana, but don't wanna die yet","Chorus","Frank Ocean","Nights","Frank Ocean"
"321","Wanna feel that na na though, could you come by?","Chorus","Frank Ocean","Nights","Frank Ocean"
"322","Fuck with me after my shift","Chorus","Frank Ocean","Nights","Frank Ocean"
"323","Know them boys wanna see me broke down and shit","Chorus","Frank Ocean","Nights","Frank Ocean"
"324","Bummed out and shit, stressed out and shit","Chorus","Frank Ocean","Nights","Frank Ocean"
"325","That's every day shit","Chorus","Frank Ocean","Nights","Frank Ocean"
"326","Shut the fuck up, I don’t want your conversation","Chorus","Frank Ocean","Nights","Frank Ocean"
"327","Rollin' marijuana, that's a cheap vacation","Chorus","Frank Ocean","Nights","Frank Ocean"
"328","My every day shit, every night shit, my every day shit","Chorus","Frank Ocean","Nights","Frank Ocean"
"329","(Every night shit, night shit, night shit, night shit)","Chorus","Frank Ocean","Nights","Frank Ocean"
"330","All my night, been ready for you all my night","Bridge","Frank Ocean","Nights","Frank Ocean"
"331","Been waitin' on you all my night","Bridge","Frank Ocean","Nights","Frank Ocean"
"332","I'll buzz you in, just let me know when you outside","Bridge","Frank Ocean","Nights","Frank Ocean"
"333","All my night, you been missin' all my night","Bridge","Frank Ocean","Nights","Frank Ocean"
"334","Still got some good nights memorized","Bridge","Frank Ocean","Nights","Frank Ocean"
"335","And the look back's gettin' me right","Bridge","Frank Ocean","Nights","Frank Ocean"
"336","Every night fucks every day up","Verse 2","Frank Ocean","Nights","Frank Ocean"
"337","Every day patches the night up","Verse 2","Frank Ocean","Nights","Frank Ocean"
"338","On God, you should match it, it's that KO","Verse 2","Frank Ocean","Nights","Frank Ocean"
"339","No white lighters 'til I fuck my 28th up","Verse 2","Frank Ocean","Nights","Frank Ocean"
"340","1998, my family had that Acura","Verse 2","Frank Ocean","Nights","Frank Ocean"
"341","Oh, the Legend","Verse 2","Frank Ocean","Nights","Frank Ocean"
"342","Kept at least six discs in the changer","Verse 2","Frank Ocean","Nights","Frank Ocean"
"343","Back when Boswell and Percy had it active","Verse 2","Frank Ocean","Nights","Frank Ocean"
"344","Couple bishops in the city buildin' mansions","Verse 2","Frank Ocean","Nights","Frank Ocean"
"345","All the reverends","Verse 2","Frank Ocean","Nights","Frank Ocean"
"346","Preachin' self made millionaire status","Verse 2","Frank Ocean","Nights","Frank Ocean"
"347","When we could only eat at Shoney's on occasion","Verse 2","Frank Ocean","Nights","Frank Ocean"
"348","After 'trina hit I had to transfer campus","Verse 2","Frank Ocean","Nights","Frank Ocean"
"349","Your apartment out in Houston's where I waited","Verse 2","Frank Ocean","Nights","Frank Ocean"
"350","Stayin' with you when I didn't have a address","Verse 2","Frank Ocean","Nights","Frank Ocean"
"351","Fuckin' on you when I didn't own a mattress","Verse 2","Frank Ocean","Nights","Frank Ocean"
"352","Workin' on a way to make it outta Texas, every night","Verse 2","Frank Ocean","Nights","Frank Ocean"
"353","Droppin' baby off at home before my night shift, yeah","Chorus","Frank Ocean","Nights","Frank Ocean"
"354","You know I can't hear none of that spend the night shit","Chorus","Frank Ocean","Nights","Frank Ocean"
"355","That kumbaya shit","Chorus","Frank Ocean","Nights","Frank Ocean"
"356","Want to see nirvana, but don't wanna die yet","Chorus","Frank Ocean","Nights","Frank Ocean"
"357","Wanna feel that na na though, could you come by","Chorus","Frank Ocean","Nights","Frank Ocean"
"358","Fuck with me after my shift","Chorus","Frank Ocean","Nights","Frank Ocean"
"359","Know them boys wanna see me broke down","Chorus","Frank Ocean","Nights","Frank Ocean"
"360","See me bummed out, stressed out","Chorus","Frank Ocean","Nights","Frank Ocean"
"361","That's just everyday shit","Chorus","Frank Ocean","Nights","Frank Ocean"
"362","Shut the fuck up, I don't want your conversation","Chorus","Frank Ocean","Nights","Frank Ocean"
"363","Rollin' marijuana, that's a cheap vacation","Chorus","Frank Ocean","Nights","Frank Ocean"
"364","My every day shit, my every day shit","Chorus","Frank Ocean","Nights","Frank Ocean"
"365","My every night shit, my every day shit","Chorus","Frank Ocean","Nights","Frank Ocean"
"366","My every day shit, my every day shit","Chorus","Frank Ocean","Nights","Frank Ocean"
"367","My every day shit, my every night shit","Chorus","Frank Ocean","Nights","Frank Ocean"
"368","Ayy, ayy, so now I'm—","Intro","André 3000","Solo (Reprise)","Frank Ocean"
"369","So low that I can see under the skirt of an ant","Verse","André 3000","Solo (Reprise)","Frank Ocean"
"370","So low that I don't get high no more","Verse","André 3000","Solo (Reprise)","Frank Ocean"
"371","When I ""Geronimo!,"" I just go ""Heh""","Verse","André 3000","Solo (Reprise)","Frank Ocean"
"372","Solo, my cup is a rojo, my cholo, my friend","Verse","André 3000","Solo (Reprise)","Frank Ocean"
"373","So low that I can admit","Verse","André 3000","Solo (Reprise)","Frank Ocean"
"374","When I hear that another kid is shot by the popo","Verse","André 3000","Solo (Reprise)","Frank Ocean"
"375","It ain't an event no more","Verse","André 3000","Solo (Reprise)","Frank Ocean"
"376","So low that no more high horses, so hard to wear Polo","Verse","André 3000","Solo (Reprise)","Frank Ocean"
"377","When I do, I cut the pony off","Verse","André 3000","Solo (Reprise)","Frank Ocean"
"378","Now there's a hole where there once was a logo, how fitting","Verse","André 3000","Solo (Reprise)","Frank Ocean"
"379","So low that I can give a fuck about what is trending","Verse","André 3000","Solo (Reprise)","Frank Ocean"
"380","Tryna cut down on my spending","Verse","André 3000","Solo (Reprise)","Frank Ocean"
"381","Regardless of winning, instead of pretending","Verse","André 3000","Solo (Reprise)","Frank Ocean"
"382","And bending over backwards","Verse","André 3000","Solo (Reprise)","Frank Ocean"
"383","Over half of these hoes had work done","Verse","André 3000","Solo (Reprise)","Frank Ocean"
"384","Sayin' they want something real from a man","Verse","André 3000","Solo (Reprise)","Frank Ocean"
"385","Just saying it, we being real persons","Verse","André 3000","Solo (Reprise)","Frank Ocean"
"386","I hate that it's like this, I feel for you, ant","Verse","André 3000","Solo (Reprise)","Frank Ocean"
"387","I don't know what it's like with a skirt on","Verse","André 3000","Solo (Reprise)","Frank Ocean"
"388","So pardon me if I am being insensitive","Verse","André 3000","Solo (Reprise)","Frank Ocean"
"389","But darling, this only worsens","Verse","André 3000","Solo (Reprise)","Frank Ocean"
"390","So low my halo stay way low, it feels like it's bent","Verse","André 3000","Solo (Reprise)","Frank Ocean"
"391","So low that when they throw pussy or pesos","Verse","André 3000","Solo (Reprise)","Frank Ocean"
"392","Don't pay no attention to it","Verse","André 3000","Solo (Reprise)","Frank Ocean"
"393","So low that I am no rookie but feel like a kid","Verse","André 3000","Solo (Reprise)","Frank Ocean"
"394","Lookin' at the other kids","Verse","André 3000","Solo (Reprise)","Frank Ocean"
"395","With astonishment while I'm on punishment","Verse","André 3000","Solo (Reprise)","Frank Ocean"
"396","Watchin' the summer come close to an end","Verse","André 3000","Solo (Reprise)","Frank Ocean"
"397","After twenty years in, I'm so naïve I was under the impression","Verse","André 3000","Solo (Reprise)","Frank Ocean"
"398","That everyone wrote they own verses","Verse","André 3000","Solo (Reprise)","Frank Ocean"
"399","It's comin' back different and, yeah, that shit hurts me","Verse","André 3000","Solo (Reprise)","Frank Ocean"
"400","I'm hummin' and whistlin' to those not deserving","Verse","André 3000","Solo (Reprise)","Frank Ocean"
"401","I've stumbled and lived every word","Verse","André 3000","Solo (Reprise)","Frank Ocean"
"402","Was I working just way too hard?","Verse","André 3000","Solo (Reprise)","Frank Ocean"
"403","Now, to the edge I'll race","Intro","Frank Ocean","Pretty Sweet","Frank Ocean"
"404","To the end I'll make it","Intro","Frank Ocean","Pretty Sweet","Frank Ocean"
"405","All the risk, I'll take it","Intro","Frank Ocean","Pretty Sweet","Frank Ocean"
"406","Head bang with my faux friends","Intro","Frank Ocean","Pretty Sweet","Frank Ocean"
"407","We pour a taste out for the dead","Intro","Frank Ocean","Pretty Sweet","Frank Ocean"
"408","This is the blood, the body, the life right now","Intro","Frank Ocean","Pretty Sweet","Frank Ocean"
"409","The height right now","Intro","Frank Ocean","Pretty Sweet","Frank Ocean"
"410","Might be what I need","Intro","Frank Ocean","Pretty Sweet","Frank Ocean"
"411","Might be what I need","Intro","Frank Ocean","Pretty Sweet","Frank Ocean"
"412","Said you wanna hurt me now","Intro","Frank Ocean","Pretty Sweet","Frank Ocean"
"413","You can't hurt me now","Intro","Frank Ocean","Pretty Sweet","Frank Ocean"
"414","That might be what you need","Intro","Frank Ocean","Pretty Sweet","Frank Ocean"
"415","What it means to be alive on this side","Verse","Frank Ocean","Pretty Sweet","Frank Ocean"
"416","(Said you wanna kill me now)","Verse","Frank Ocean","Pretty Sweet","Frank Ocean"
"417","On this side","Verse","Frank Ocean","Pretty Sweet","Frank Ocean"
"418","(Don't let me down)","Verse","Frank Ocean","Pretty Sweet","Frank Ocean"
"419","On this side","Verse","Frank Ocean","Pretty Sweet","Frank Ocean"
"420","(Down, down)","Verse","Frank Ocean","Pretty Sweet","Frank Ocean"
"421","Fuck the other side","Verse","Frank Ocean","Pretty Sweet","Frank Ocean"
"422","I'm on this side, I'm on this side, I'm on this side","Verse","Frank Ocean","Pretty Sweet","Frank Ocean"
"423","How it feels to have arrived","Verse","Frank Ocean","Pretty Sweet","Frank Ocean"
"424","I'm inside, I'm inside","Verse","Frank Ocean","Pretty Sweet","Frank Ocean"
"425","Those are my niggas for life","Verse","Frank Ocean","Pretty Sweet","Frank Ocean"
"426","Mothers of us be kind","Verse","Frank Ocean","Pretty Sweet","Frank Ocean"
"427","To the fathers on whom we rely","Verse","Frank Ocean","Pretty Sweet","Frank Ocean"
"428","Fathers of us be kind","Verse","Frank Ocean","Pretty Sweet","Frank Ocean"
"429","To the mothers on whom we rely","Verse","Frank Ocean","Pretty Sweet","Frank Ocean"
"430","Ah-hah, ah-hah, ah-hah, ah-hah","Verse","Frank Ocean","Pretty Sweet","Frank Ocean"
"431","Ah-hah, ah-hah, ah-hah, ah-hah","Verse","Frank Ocean","Pretty Sweet","Frank Ocean"
"432","We know you're sugar","Outro","Frank Ocean","Pretty Sweet","Frank Ocean"
"433","We know you're sweet like a sucka","Outro","Frank Ocean","Pretty Sweet","Frank Ocean"
"434","Pretty sweet, pretty sweet","Outro","Frank Ocean","Pretty Sweet","Frank Ocean"
"435","I was just telling that I got  this girl before","Skit","SebastiAn","Facebook Story","Frank Ocean"
"436","And I was together since 3 years","Skit","SebastiAn","Facebook Story","Frank Ocean"
"437","And uhh, I was not even cheating her or what","Skit","SebastiAn","Facebook Story","Frank Ocean"
"438","And Facebook arrived and, uh","Skit","SebastiAn","Facebook Story","Frank Ocean"
"439","She wanted me to accept her on Facebook","Skit","SebastiAn","Facebook Story","Frank Ocean"
"440","And I don't want it because I was like in front of her","Skit","SebastiAn","Facebook Story","Frank Ocean"
"441","And she told me like ""Accept me on Facebook""","Skit","SebastiAn","Facebook Story","Frank Ocean"
"442","It was virtual, means no sense","Skit","SebastiAn","Facebook Story","Frank Ocean"
"443","So I say ""I'm in front of you, I don't need to accept you on Facebook""","Skit","SebastiAn","Facebook Story","Frank Ocean"
"444","She started to be crazy","Skit","SebastiAn","Facebook Story","Frank Ocean"
"445","She thought that because I didn't accept her","Skit","SebastiAn","Facebook Story","Frank Ocean"
"446","She thought I was cheating","Skit","SebastiAn","Facebook Story","Frank Ocean"
"447","She told me like, uh, ""It's over, I can't believe you""","Skit","SebastiAn","Facebook Story","Frank Ocean"
"448","I said ""come on, you're crazy, because like, yeah","Skit","SebastiAn","Facebook Story","Frank Ocean"
"449","I'm in front of you, I'm every day here in your house""","Skit","SebastiAn","Facebook Story","Frank Ocean"
"450","That's, it means like it's jealousy","Skit","SebastiAn","Facebook Story","Frank Ocean"
"451","Pure jealousy for nothing","Skit","SebastiAn","Facebook Story","Frank Ocean"
"452","You know, virtual thing","Skit","SebastiAn","Facebook Story","Frank Ocean"
"453","I'll be honest, I wasn't devastated","Verse","Frank Ocean","Close to You","Frank Ocean"
"454","But you could've held my hands through this, baby","Verse","Frank Ocean","Close to You","Frank Ocean"
"455","Let my mind run underneath warm jets","Verse","Frank Ocean","Close to You","Frank Ocean"
"456","I run my hands through what's left","Verse","Frank Ocean","Close to You","Frank Ocean"
"457","But we're getting older, baby","Verse","Frank Ocean","Close to You","Frank Ocean"
"458","Don’t have much longer, baby","Verse","Frank Ocean","Close to You","Frank Ocean"
"459","Why am I preaching","Verse","Frank Ocean","Close to You","Frank Ocean"
"460","To this choir, to this atheist?","Verse","Frank Ocean","Close to You","Frank Ocean"
"461","Just like mine, versions of these belong to you","Verse","Frank Ocean","Close to You","Frank Ocean"
"462","After a while, they're keeping me close to you","Verse","Frank Ocean","Close to You","Frank Ocean"
"463","Just like me, they long to be close to you","Outro","Stevie Wonder","Close to You","Frank Ocean"
"464","Bad luck to talk on these rides","Verse 1","Frank Ocean","White Ferrari","Frank Ocean"
"465","Mind on the road, your dilated eyes watch the clouds float","Verse 1","Frank Ocean","White Ferrari","Frank Ocean"
"466","White Ferrari, had a good time","Verse 1","Frank Ocean","White Ferrari","Frank Ocean"
"467","(Sweet 16, how was I supposed to know anything?)","Verse 1","Frank Ocean","White Ferrari","Frank Ocean"
"468","I let you out at Central","Verse 1","Frank Ocean","White Ferrari","Frank Ocean"
"469","I didn't care to state the plain","Verse 1","Frank Ocean","White Ferrari","Frank Ocean"
"470","Kept my mouth closed, we're both so familiar","Verse 1","Frank Ocean","White Ferrari","Frank Ocean"
"471","White Ferrari, good times","Verse 1","Frank Ocean","White Ferrari","Frank Ocean"
"472","Stick by me, close by me","Verse 2","Frank Ocean","White Ferrari","Frank Ocean"
"473","You were fine, you were fine here","Verse 2","Frank Ocean","White Ferrari","Frank Ocean"
"474","That's just a slow body","Verse 2","Frank Ocean","White Ferrari","Frank Ocean"
"475","You left when I forgot to speak","Verse 2","Frank Ocean","White Ferrari","Frank Ocean"
"476","So I text the speech, lesser speeds, Texas speed, yes","Verse 2","Frank Ocean","White Ferrari","Frank Ocean"
"477","Basic takes its toll on me, 'ventually, 'ventually, yes","Verse 2","Frank Ocean","White Ferrari","Frank Ocean"
"478","Ahh, on me 'ventually, 'ventually, yes","Verse 2","Frank Ocean","White Ferrari","Frank Ocean"
"479","I care for you still and I will forever","Verse 3","Frank Ocean","White Ferrari","Frank Ocean"
"480","That was my part of the deal, honest","Verse 3","Frank Ocean","White Ferrari","Frank Ocean"
"481","We got so familiar","Verse 3","Frank Ocean","White Ferrari","Frank Ocean"
"482","Spending each day of the year","Verse 3","Frank Ocean","White Ferrari","Frank Ocean"
"483","White Ferrari, good times","Verse 3","Frank Ocean","White Ferrari","Frank Ocean"
"484","In this life (life), in this life (life)","Verse 3","Frank Ocean","White Ferrari","Frank Ocean"
"485","One too many years","Verse 3","Frank Ocean","White Ferrari","Frank Ocean"
"486","Some tattooed eyelids on a facelift","Verse 3","Frank Ocean","White Ferrari","Frank Ocean"
"487","(Thought you might want to know now)","Verse 3","Frank Ocean","White Ferrari","Frank Ocean"
"488","Mind over matter is magic, I do magic","Verse 3","Frank Ocean","White Ferrari","Frank Ocean"
"489","If you think about it, it'll be over in no time","Verse 3","Frank Ocean","White Ferrari","Frank Ocean"
"490","And that's life","Verse 3","Frank Ocean","White Ferrari","Frank Ocean"
"491","I'm sure we're taller in another dimension","Verse 4","Frank Ocean","White Ferrari","Frank Ocean"
"492","You say we're small and not worth the mention","Verse 4","Frank Ocean","White Ferrari","Frank Ocean"
"493","You’re tired of movin', your body's achin'","Verse 4","Frank Ocean","White Ferrari","Frank Ocean"
"494","We could vacay, there's places to go","Verse 4","Frank Ocean","White Ferrari","Frank Ocean"
"495","Clearly this isn't all that there is","Verse 4","Frank Ocean","White Ferrari","Frank Ocean"
"496","Can't take what's been given","Verse 4","Frank Ocean","White Ferrari","Frank Ocean"
"497","But we're so okay here, we're doing fine","Verse 4","Frank Ocean","White Ferrari","Frank Ocean"
"498","Primal and naked","Verse 4","Frank Ocean","White Ferrari","Frank Ocean"
"499","You dream of walls that hold us in prison","Verse 4","Frank Ocean","White Ferrari","Frank Ocean"
"500","It's just a skull, least that's what they call it","Verse 4","Frank Ocean","White Ferrari","Frank Ocean"
"501","And we're free to roam","Verse 4","Frank Ocean","White Ferrari","Frank Ocean"
"502","The markings on your surface","Verse 1","Frank Ocean","Seigfried","Frank Ocean"
"503","Your speckled face","Verse 1","Frank Ocean","Seigfried","Frank Ocean"
"504","Flawed crystals hang from your ears","Verse 1","Frank Ocean","Seigfried","Frank Ocean"
"505","I couldn't gauge your fears","Verse 1","Frank Ocean","Seigfried","Frank Ocean"
"506","I can't relate to my peers","Verse 1","Frank Ocean","Seigfried","Frank Ocean"
"507","I'd rather live outside","Verse 1","Frank Ocean","Seigfried","Frank Ocean"
"508","I'd rather chip my pride than lose my mind out here","Verse 1","Frank Ocean","Seigfried","Frank Ocean"
"509","Maybe I'm a fool","Verse 1","Frank Ocean","Seigfried","Frank Ocean"
"510","Maybe I should move and settle","Verse 1","Frank Ocean","Seigfried","Frank Ocean"
"511","Two kids and a swimming pool","Verse 1","Frank Ocean","Seigfried","Frank Ocean"
"512","I'm not brave (brave)","Verse 1","Frank Ocean","Seigfried","Frank Ocean"
"513","I'm not brave","Verse 1","Frank Ocean","Seigfried","Frank Ocean"
"514","I'm living over city","Verse 2","Frank Ocean","Seigfried","Frank Ocean"
"515","And taking in the homeless sometimes","Verse 2","Frank Ocean","Seigfried","Frank Ocean"
"516","Been living in an idea","Verse 2","Frank Ocean","Seigfried","Frank Ocean"
"517","An idea from another man's mind","Verse 2","Frank Ocean","Seigfried","Frank Ocean"
"518","Maybe I'm a fool","Verse 2","Frank Ocean","Seigfried","Frank Ocean"
"519","To settle for a place with some nice views (nice views)","Verse 2","Frank Ocean","Seigfried","Frank Ocean"
"520","Maybe I should move, settle down","Verse 2","Frank Ocean","Seigfried","Frank Ocean"
"521","Two kids and a swimming pool","Verse 2","Frank Ocean","Seigfried","Frank Ocean"
"522","I'm not brave","Verse 2","Frank Ocean","Seigfried","Frank Ocean"
"523","I'd rather live outside","Verse 2","Frank Ocean","Seigfried","Frank Ocean"
"524","I'd rather live outside","Verse 2","Frank Ocean","Seigfried","Frank Ocean"
"525","I'd rather go to jail","Verse 2","Frank Ocean","Seigfried","Frank Ocean"
"526","I've tried hell (It's a loop)","Verse 2","Frank Ocean","Seigfried","Frank Ocean"
"527","What would you recommend I do?","Verse 2","Frank Ocean","Seigfried","Frank Ocean"
"528","(And the other side of the loop is a loop)","Verse 2","Frank Ocean","Seigfried","Frank Ocean"
"529","This, this fe-, this feel","Verse 2","Frank Ocean","Seigfried","Frank Ocean"
"530","This feel, this feels","Verse 2","Frank Ocean","Seigfried","Frank Ocean"
"531","This feels how molly must feel","Verse 2","Frank Ocean","Seigfried","Frank Ocean"
"532","This feels how molly must feel","Verse 2","Frank Ocean","Seigfried","Frank Ocean"
"533","How molly must feel, this feels how molly must feel","Verse 2","Frank Ocean","Seigfried","Frank Ocean"
"534","How molly must feel","Verse 2","Frank Ocean","Seigfried","Frank Ocean"
"535","This is not my life","Bridge","Frank Ocean","Seigfried","Frank Ocean"
"536","It's just a fond farewell to a friend","Bridge","Frank Ocean","Seigfried","Frank Ocean"
"537","It's just a fond farewell to a friend","Bridge","Frank Ocean","Seigfried","Frank Ocean"
"538","This is not my life","Bridge","Frank Ocean","Seigfried","Frank Ocean"
"539","It's just a fond farewell to a friend","Bridge","Frank Ocean","Seigfried","Frank Ocean"
"540","It's not what I'm like","Bridge","Frank Ocean","Seigfried","Frank Ocean"
"541","It's just a fond farewell (brave)","Bridge","Frank Ocean","Seigfried","Frank Ocean"
"542","Speaking of Nirvana, it was there","Verse 3","Frank Ocean","Seigfried","Frank Ocean"
"543","Rare as the feathers on my dash from a phoenix","Verse 3","Frank Ocean","Seigfried","Frank Ocean"
"544","There with my crooked teeth and companion sleeping, yeah","Verse 3","Frank Ocean","Seigfried","Frank Ocean"
"545","Dreaming a thought that could dream about a thought","Verse 3","Frank Ocean","Seigfried","Frank Ocean"
"546","That could think of the dreamer that thought","Verse 3","Frank Ocean","Seigfried","Frank Ocean"
"547","That could think of dreaming and getting a glimmer of God","Verse 3","Frank Ocean","Seigfried","Frank Ocean"
"548","I be dreaming of dreaming a thought","Verse 3","Frank Ocean","Seigfried","Frank Ocean"
"549","That could dream about a thought","Verse 3","Frank Ocean","Seigfried","Frank Ocean"
"550","That could think of dreaming a dream","Verse 3","Frank Ocean","Seigfried","Frank Ocean"
"551","Where I cannot, where I cannot","Verse 3","Frank Ocean","Seigfried","Frank Ocean"
"552","Less morose and more present","Verse 4","Frank Ocean","Seigfried","Frank Ocean"
"553","Dwell on my gifts for a second, a moment","Verse 4","Frank Ocean","Seigfried","Frank Ocean"
"554","One solar flare, we're consumed","Verse 4","Frank Ocean","Seigfried","Frank Ocean"
"555","So why not spend this flammable paper on the film that's my life?","Verse 4","Frank Ocean","Seigfried","Frank Ocean"
"556","High flights, inhale the vapor, exhale once and think twice","Verse 4","Frank Ocean","Seigfried","Frank Ocean"
"557","Eat some shrooms, maybe have a good cry about you","Verse 4","Frank Ocean","Seigfried","Frank Ocean"
"558","See some colors, light hang glide off the moon (In the dark)","Verse 4","Frank Ocean","Seigfried","Frank Ocean"
"559","(In the dark)","Outro","Frank Ocean","Seigfried","Frank Ocean"
"560","I'd do anything for you","Outro","Frank Ocean","Seigfried","Frank Ocean"
"561","(In the dark)","Outro","Frank Ocean","Seigfried","Frank Ocean"
"562","I'd do anything for you","Outro","Frank Ocean","Seigfried","Frank Ocean"
"563","(In the dark)","Outro","Frank Ocean","Seigfried","Frank Ocean"
"564","I'd do anything for you","Outro","Frank Ocean","Seigfried","Frank Ocean"
"565","(In the dark)","Outro","Frank Ocean","Seigfried","Frank Ocean"
"566","I'd do anything for you","Outro","Frank Ocean","Seigfried","Frank Ocean"
"567","(In the dark)","Outro","Frank Ocean","Seigfried","Frank Ocean"
"568","I'd do anything for you, anything for you","Outro","Frank Ocean","Seigfried","Frank Ocean"
"569","(In the dark)","Outro","Frank Ocean","Seigfried","Frank Ocean"
"570","I'd do anything for you, anything for","Outro","Frank Ocean","Seigfried","Frank Ocean"
"571","I will always love you how I do","Verse","Frank Ocean & Yung Lean","Godspeed","Frank Ocean"
"572","Let go of a prayer for you","Verse","Frank Ocean & Yung Lean","Godspeed","Frank Ocean"
"573","Just a sweet word","Verse","Frank Ocean & Yung Lean","Godspeed","Frank Ocean"
"574","The table is prepared for you","Verse","Frank Ocean & Yung Lean","Godspeed","Frank Ocean"
"575","(Ooh, ooh, ooh)","Verse","Frank Ocean & Yung Lean","Godspeed","Frank Ocean"
"576","Ball so hard, all my boys flex","Verse","Frank Ocean & Yung Lean","Godspeed","Frank Ocean"
"577","Wishing you godspeed, glory","Verse","Frank Ocean & Yung Lean","Godspeed","Frank Ocean"
"578","There will be mountains you won't move","Verse","Frank Ocean & Yung Lean","Godspeed","Frank Ocean"
"579","(Ooh, ooh, ooh)","Verse","Frank Ocean & Yung Lean","Godspeed","Frank Ocean"
"580","Still I'll always be there for you how I do","Verse","Frank Ocean & Yung Lean","Godspeed","Frank Ocean"
"581","I let go of my claim on you","Verse","Frank Ocean & Yung Lean","Godspeed","Frank Ocean"
"582","It's a free world","Verse","Frank Ocean & Yung Lean","Godspeed","Frank Ocean"
"583","You look down on where you came from sometimes","Verse","Frank Ocean & Yung Lean","Godspeed","Frank Ocean"
"584","But you'll have this place to call home always","Verse","Frank Ocean & Yung Lean","Godspeed","Frank Ocean"
"585","(Godspeed, glory)","Bridge","Frank Ocean & Kim Burrell","Godspeed","Frank Ocean"
"586","This love will keep us through blinding of the eyes (Ohh)","Bridge","Frank Ocean & Kim Burrell","Godspeed","Frank Ocean"
"587","Silence in the ears, darkness of the mind","Bridge","Frank Ocean & Kim Burrell","Godspeed","Frank Ocean"
"588","Until it's time","Bridge","Frank Ocean & Kim Burrell","Godspeed","Frank Ocean"
"589","This love will keep us through blinding of the eyes (Ohh)","Bridge","Frank Ocean & Kim Burrell","Godspeed","Frank Ocean"
"590","Silence in the ears, darkness of the mind (Ohh)","Bridge","Frank Ocean & Kim Burrell","Godspeed","Frank Ocean"
"591","Ohh, it's 'til it's time we die","Bridge","Frank Ocean & Kim Burrell","Godspeed","Frank Ocean"
"592","This love will keep us through blinding of the eyes","Bridge","Frank Ocean & Kim Burrell","Godspeed","Frank Ocean"
"593","Silence in the ears, darkness of the mind","Bridge","Frank Ocean & Kim Burrell","Godspeed","Frank Ocean"
"594","Oh-oh, ohhh","Outro","Kim Burrell","Godspeed","Frank Ocean"
"595","I'll always love you","Outro","Kim Burrell","Godspeed","Frank Ocean"
"596","Until the time we die","Outro","Kim Burrell","Godspeed","Frank Ocean"
"597","Oh-oh, ohhh","Outro","Kim Burrell","Godspeed","Frank Ocean"
